{
    "artPath": "",
    "thumbnailPath": "thumbnails/",
    "arts": [
        {
            "id": "AB01",
            "price": [
                {
                    "item": "coins",
                    "count": 5
                }
            ],
            "file": "Coloring_AB01_GirlWithFlower.webp",
            "tags": [
                "art"
            ]
        },
        {
            "id": "ag001",
            "file": "Coloring_ag001_HorseAndGirl_bright.webp",
            "tags": [
                "aptitude",
                "imagination",
                "virtuosity"
            ]
        },
        {
            "id": "ag002",
            "file": "Coloring_ag002_Fish.webp",
            "tags": [
                "knack"
            ]
        },
        {
            "id": "ag005",
            "file": "Coloring_ag005_Birds.webp",
            "tags": [
                "art"
            ]
        },
        {
            "id": "ag006",
            "file": "Coloring_ag006_PizzaGirl.webp",
            "tags": [
                "mastery",
                "craft",
                "aptitude"
            ]
        },
        {
            "id": "ag007",
            "file": "Coloring_ag007_CrouchingFoxSimple2.webp",
            "tags": [
                "craft"
            ]
        },
        {
            "id": "ag010",
            "file": "Coloring_ag010_FlyingSailboat.webp",
            "tags": [
                "knack"
            ]
        },
        {
            "id": "ag011",
            "file": "Coloring_ag011_BathTime.webp",
            "tags": [
                "dexterity",
                "mastery",
                "imagination"
            ]
        },
        {
            "id": "DK003",
            "file": "Coloring_DK003_cosmos.webp",
            "tags": [
                "dexterity",
                "mastery"
            ]
        },
        {
            "id": "DK006",
            "file": "Coloring_DK006_castle.webp",
            "tags": [
                "craft",
                "imagination"
            ]
        },
        {
            "id": "DK010",
            "file": "Coloring_DK010_forestroof.webp",
            "tags": [
                "imagination",
                "craft",
                "dexterity"
            ]
        },
        {
            "id": "DK011",
            "file": "Coloring_DK011_interior_ag1.webp",
            "tags": [
                "imagination",
                "virtuosity",
                "dexterity"
            ]
        },
        {
            "id": "DK012",
            "file": "Coloring_DK012_hotel.webp",
            "tags": [
                "craft",
                "aptitude"
            ]
        },
        {
            "id": "DK013",
            "file": "Coloring_DK013_sloth.webp",
            "tags": [
                "imagination",
                "art"
            ]
        },
        {
            "id": "DK014",
            "file": "Coloring_DK014_cats.webp",
            "tags": [
                "aptitude",
                "mastery"
            ]
        },
        {
            "id": "EL001",
            "file": "Coloring_EL001_Wisteria.webp",
            "tags": [
                "dexterity"
            ]
        },
        {
            "id": "EL002",
            "file": "Coloring_EL002_MoulinRouge_ag1.webp",
            "tags": [
                "imagination",
                "dexterity",
                "craft"
            ]
        },
        {
            "id": "EL003",
            "file": "Coloring_EL003_Croissants.webp",
            "tags": [
                "knack"
            ]
        },
        {
            "id": "EL004",
            "file": "Coloring_EL004_Carousel.webp",
            "tags": [
                "dexterity"
            ]
        },
        {
            "id": "EL005",
            "file": "Coloring_EL005_ArcDeTriomphe.webp",
            "tags": [
                "mastery"
            ]
        },
        {
            "id": "EL006",
            "file": "Coloring_EL006_SherlockHolmes.webp",
            "tags": [
                "knack",
                "virtuosity",
                "mastery"
            ]
        },
        {
            "id": "EL007",
            "file": "Coloring_EL007_TowerBridge.webp",
            "tags": [
                "mastery",
                "virtuosity"
            ]
        },
        {
            "id": "EL008",
            "file": "Coloring_EL008_ShipInStorm.webp",
            "tags": [
                "dexterity"
            ]
        },
        {
            "id": "IY01",
            "file": "Coloring_IY01_WaterNymph_ag1.webp",
            "tags": [
                "virtuosity"
            ]
        },
        {
            "id": "IY02",
            "file": "Coloring_IY02_BakeryShop.webp",
            "tags": [
                "craft"
            ]
        },
        {
            "id": "IY03",
            "file": "Coloring_IY03_YardPond.webp",
            "tags": [
                "aptitude"
            ]
        },
        {
            "id": "IY04",
            "file": "Coloring_IY04_TeaParty.webp",
            "tags": [
                "aptitude",
                "craft",
                "imagination"
            ]
        },
        {
            "id": "IY05",
            "file": "Coloring_IY05_TreeHouse.webp",
            "tags": [
                "craft",
                "mastery"
            ]
        },
        {
            "id": "IY06",
            "file": "Coloring_IY06_SydneyOperaHouse.webp",
            "tags": [
                "imagination"
            ]
        },
        {
            "id": "IY07",
            "file": "Coloring_IY07_ScooterGirl.webp",
            "tags": [
                "dexterity",
                "art"
            ]
        },
        {
            "id": "IY08",
            "file": "Coloring_IY08_PirateShip.webp",
            "tags": [
                "imagination",
                "virtuosity"
            ]
        },
        {
            "id": "IY11",
            "file": "Coloring_IY11_EiffelTower.webp",
            "tags": [
                "art"
            ]
        },
        {
            "id": "IY12",
            "file": "Coloring_IY12_HallsOfLouvre.webp",
            "tags": [
                "virtuosity"
            ]
        },
        {
            "id": "IY13",
            "file": "Coloring_IY13_LouvrePyramid.webp",
            "tags": [
                "art",
                "dexterity"
            ]
        },
        {
            "id": "IY14",
            "file": "Coloring_IY14_LuxembourgGardens.webp",
            "tags": [
                "mastery",
                "knack",
                "art"
            ]
        },
        {
            "id": "IY15",
            "file": "Coloring_IY15_PontDesArts.webp",
            "tags": [
                "knack",
                "aptitude",
                "imagination"
            ]
        },
        {
            "id": "IY16",
            "file": "Coloring_IY16_Grinder.webp",
            "tags": [
                "dexterity",
                "imagination"
            ]
        },
        {
            "id": "IY17",
            "file": "Coloring_IY17_ElysianFields.webp",
            "tags": [
                "dexterity"
            ]
        },
        {
            "id": "IY18",
            "file": "Coloring_IY18_SmallCar.webp",
            "tags": [
                "imagination",
                "knack"
            ]
        },
        {
            "id": "IY19",
            "file": "Coloring_IY19_BoatOnTheSeine.webp",
            "tags": [
                "dexterity",
                "craft",
                "mastery"
            ]
        },
        {
            "id": "IY20",
            "file": "Coloring_IY20_AmusementPark.webp",
            "tags": [
                "art",
                "aptitude"
            ]
        },
        {
            "id": "IY21",
            "file": "Coloring_IY21_NotreDameDeParis_2.webp",
            "tags": [
                "craft",
                "virtuosity",
                "knack"
            ]
        },
        {
            "id": "IY22",
            "file": "Coloring_IY22_GirlAtPantheon.webp",
            "tags": [
                "mastery",
                "imagination"
            ]
        },
        {
            "id": "IY23",
            "file": "Coloring_IY23_AmelieCafe.webp",
            "tags": [
                "aptitude",
                "imagination",
                "knack"
            ]
        },
        {
            "id": "IY24",
            "file": "Coloring_IY24_BigBen.webp",
            "tags": [
                "virtuosity"
            ]
        },
        {
            "id": "IY25",
            "file": "Coloring_IY25_BuckinghamPalace.webp",
            "tags": [
                "art",
                "craft"
            ]
        },
        {
            "id": "IY26",
            "file": "Coloring_IY26_TussaudsWaxFigures.webp",
            "tags": [
                "art"
            ]
        },
        {
            "id": "IY27",
            "file": "Coloring_IY27_Coronation.webp",
            "tags": [
                "imagination",
                "dexterity",
                "craft"
            ]
        },
        {
            "id": "IY28",
            "file": "Coloring_IY28_QueenCorgis.webp",
            "tags": [
                "aptitude",
                "virtuosity",
                "art"
            ]
        },
        {
            "id": "IY29",
            "file": "Coloring_IY29_EnglishBreakfast.webp",
            "tags": [
                "dexterity"
            ]
        },
        {
            "id": "IY30",
            "file": "Coloring_IY30_DoubleDeckerBus.webp",
            "tags": [
                "imagination"
            ]
        },
        {
            "id": "IY31",
            "file": "Coloring_IY31_TelephoneBox.webp",
            "tags": [
                "aptitude",
                "knack",
                "art"
            ]
        },
        {
            "id": "IY32",
            "file": "Coloring_IY32_Shakespeare.webp",
            "tags": [
                "knack"
            ]
        },
        {
            "id": "IY33",
            "file": "Coloring_IY33_LondonEye.webp",
            "tags": [
                "virtuosity",
                "dexterity"
            ]
        },
        {
            "id": "kz01",
            "file": "coloring_kz01_toucan_ag1.webp",
            "tags": [
                "imagination",
                "aptitude"
            ]
        },
        {
            "id": "KZ02",
            "file": "Coloring_KZ02_DressAndPerfume.webp",
            "tags": [
                "virtuosity",
                "dexterity"
            ]
        },
        {
            "id": "KZ03",
            "file": "Coloring_KZ03_Beatles.webp",
            "tags": [
                "imagination",
                "aptitude",
                "art"
            ]
        },
        {
            "id": "nu008",
            "file": "Coloring_nu008_GirlWithKites.webp",
            "tags": [
                "art",
                "craft",
                "virtuosity"
            ]
        },
        {
            "id": "nu009",
            "file": "Coloring_nu009_GirlWithWreath.webp",
            "tags": [
                "art"
            ]
        },
        {
            "id": "nu011",
            "file": "Coloring_nu011_Kitchen.webp",
            "tags": [
                "art",
                "dexterity"
            ]
        },
        {
            "id": "nu012",
            "file": "Coloring_nu012_WindowDreamGirl.webp",
            "tags": [
                "virtuosity",
                "knack"
            ]
        },
        {
            "id": "nu013",
            "file": "Coloring_nu013_Cosmos.webp",
            "tags": [
                "virtuosity",
                "craft"
            ]
        },
        {
            "id": "nu014",
            "file": "Coloring_nu014_Bento.webp",
            "tags": [
                "knack",
                "virtuosity"
            ]
        },
        {
            "id": "nu015",
            "file": "Coloring_nu015_Underwater.webp",
            "tags": [
                "dexterity",
                "art"
            ]
        },
        {
            "id": "nu016",
            "file": "Coloring_nu016_ReadingBook.webp",
            "tags": [
                "imagination",
                "knack"
            ]
        },
        {
            "id": "nu017",
            "file": "Coloring_nu017_Lake.webp",
            "tags": [
                "virtuosity",
                "art",
                "mastery"
            ]
        },
        {
            "id": "nu018",
            "file": "Coloring_nu018_Alpinist.webp",
            "tags": [
                "art",
                "imagination",
                "virtuosity"
            ]
        },
        {
            "id": "nu019",
            "file": "Coloring_nu019_BeachSunset.webp",
            "tags": [
                "craft"
            ]
        },
        {
            "id": "nu020",
            "file": "Coloring_nu020_InBed.webp",
            "tags": [
                "imagination"
            ]
        },
        {
            "id": "nu021",
            "file": "Coloring_nu021_Skater.webp",
            "tags": [
                "imagination"
            ]
        },
        {
            "id": "nu022",
            "file": "Coloring_nu022_NorthernLights.webp",
            "tags": [
                "mastery"
            ]
        },
        {
            "id": "nu023",
            "file": "Coloring_nu023_TouristBus.webp",
            "tags": [
                "virtuosity"
            ]
        },
        {
            "id": "nu024",
            "file": "Coloring_nu024_SleepingOnTable.webp",
            "tags": [
                "craft",
                "aptitude",
                "mastery"
            ]
        },
        {
            "id": "nu025",
            "file": "Coloring_nu025_Yoga.webp",
            "tags": [
                "art",
                "aptitude"
            ]
        },
        {
            "id": "nu026",
            "file": "Coloring_nu026_FlowerSmell.webp",
            "tags": [
                "art",
                "virtuosity"
            ]
        },
        {
            "id": "nu027",
            "file": "Coloring_nu027_WinterForest.webp",
            "tags": [
                "aptitude",
                "art"
            ]
        },
        {
            "id": "nu028",
            "file": "Coloring_nu028_Baloon.webp",
            "tags": [
                "knack",
                "mastery"
            ]
        },
        {
            "id": "nu029",
            "file": "Coloring_nu029_City.webp",
            "tags": [
                "imagination"
            ]
        },
        {
            "id": "nu030",
            "file": "Coloring_nu030_Date.webp",
            "tags": [
                "knack",
                "imagination"
            ]
        },
        {
            "id": "nu031",
            "file": "Coloring_nu031_OnBalcony.webp",
            "tags": [
                "aptitude"
            ]
        },
        {
            "id": "nu032",
            "file": "Coloring_nu032_SupermarketFun.webp",
            "tags": [
                "dexterity",
                "knack",
                "virtuosity"
            ]
        },
        {
            "id": "nu033",
            "file": "Coloring_nu033_WaterfallParty.webp",
            "tags": [
                "imagination",
                "craft"
            ]
        },
        {
            "id": "nu034",
            "file": "Coloring_nu034_SwimmigPool.webp",
            "tags": [
                "art"
            ]
        },
        {
            "id": "nu035",
            "file": "Coloring_nu035_Carousel.webp",
            "tags": [
                "dexterity",
                "knack"
            ]
        },
        {
            "id": "nu036",
            "file": "Coloring_nu036_Cinema.webp",
            "tags": [
                "aptitude",
                "mastery"
            ]
        },
        {
            "id": "nu037",
            "file": "Coloring_nu037_Cowboy.webp",
            "tags": [
                "art",
                "virtuosity"
            ]
        },
        {
            "id": "nu038",
            "file": "Coloring_nu038_Serenade.webp",
            "tags": [
                "mastery",
                "knack"
            ]
        },
        {
            "id": "nu039",
            "file": "Coloring_nu039_Lanterns_ag1.webp",
            "tags": [
                "dexterity"
            ]
        },
        {
            "id": "nu040",
            "file": "Coloring_nu040_Dog.webp",
            "tags": [
                "craft"
            ]
        },
        {
            "id": "nu041",
            "file": "Coloring_nu041_ButterflyGirl_ag1.webp",
            "tags": [
                "aptitude"
            ]
        },
        {
            "id": "nu042",
            "file": "Coloring_nu042_AirportGirl.webp",
            "tags": [
                "virtuosity",
                "knack",
                "dexterity"
            ]
        },
        {
            "id": "nu043",
            "file": "Coloring_nu043_PicnicDate.webp",
            "tags": [
                "art",
                "dexterity"
            ]
        },
        {
            "id": "nu044",
            "file": "Coloring_nu044_Wedding.webp",
            "tags": [
                "art",
                "knack"
            ]
        },
        {
            "id": "nu045",
            "file": "Coloring_nu045_DateOnSteps.webp",
            "tags": [
                "knack",
                "craft",
                "art"
            ]
        },
        {
            "id": "nu046",
            "file": "Coloring_nu046_CarryingInArms.webp",
            "tags": [
                "virtuosity",
                "art",
                "dexterity"
            ]
        },
        {
            "id": "of001",
            "file": "Coloring_of001_test-dragon-2_ag1.webp",
            "tags": [
                "craft",
                "aptitude"
            ]
        }
    ]
}